{
    "deployment": {
        "android": {
        },
        "ios": {
            "codeSignIdentity": ""
        },
        "macos": {
            "codeSignIdentity": ""
        },
        "winphone": {
            "packageDisplayName": ""
        }
    },
    "mainFile": "HelloWorld.qml",
    "projectFile": "HelloWorld.qmlproject",
    "properties": {
        "basemapServiceUrl": "http://server.arcgisonline.com/ArcGIS/rest/services/World_Street_Map/MapServer",
        "titleBackgroundColor": "#00b2ff",
        "titleTextColor": "#fefdfd"
    },
    "type": "app",
    "urlScheme": null,
    "version": {
        "major": 1,
        "micro": 1
    }
}
