{
    "access": "public",
    "accessInformation": null,
    "appCategories": [
    ],
    "avgRating": 0,
    "banner": null,
    "categories": [
    ],
    "commentsEnabled": true,
    "created": 1441009698000,
    "culture": "en-au",
    "description": "\n<p style=' margin-top:0px; margin-bottom:0px; margin-left:0px; margin-right:0px; -qt-block-indent:0; text-indent:0px;'>Hello World based on the ArcGIS Runtime for QML API</p>\n<p style='-qt-paragraph-type:empty; margin-top:0px; margin-bottom:0px; margin-left:0px; margin-right:0px; -qt-block-indent:0; text-indent:0px;'><br /></p>\n<p style=' margin-top:0px; margin-bottom:0px; margin-left:0px; margin-right:0px; -qt-block-indent:0; text-indent:0px;'><span style=' font-family:'Helvetica Neue'; color:#454545;'><a href='http://geonet.esri.com/groups/appstudio/blog/2016/12/06/how-to-describe-our-resources-in-terms-of-difficulty-complexity-and-time-to-digest' target='_blank'>Resource Level:</a></span><span style=' font-family:'.Apple Color Emoji UI'; color:#454545;'>🍌</span> </p>",
    "documentation": null,
    "extent": [
    ],
    "guid": null,
    "id": null,
    "industries": [
    ],
    "languages": [
    ],
    "largeThumbnail": null,
    "licenseInfo": "\n<p style='-qt-paragraph-type:empty; margin-top:0px; margin-bottom:0px; margin-left:0px; margin-right:0px; -qt-block-indent:0; text-indent:0px; font-family:'><br /></p>",
    "listed": false,
    "modified": 1481589463000,
    "name": null,
    "numComments": 3,
    "numRatings": 0,
    "numViews": 1620,
    "orgId": "2U3NfasNQ9o9LkLt",
    "owner": null,
    "ownerFolder": null,
    "properties": null,
    "proxyFilter": null,
    "screenshots": [
    ],
    "size": 41464,
    "snippet": "Hello World using the Runtime for QML API",
    "spatialReference": null,
    "tags": null,
    "thumbnail": "thumbnail/thumbnail.png",
    "title": "Drawing",
    "type": "Native Application",
    "typeKeywords": [
        "API_QML",
        "App",
        "Application",
        "AppStudio",
        "Configuration",
        "Native",
        "qml"
    ],
    "url": null
}
